district_id,district_name,calibration_factor
1,15 May,0.804856697947159
2,Abdeen,0.82974982906942
3,Ain Shams,1.045611774039119
4,Bab El Shaariya,1.3250788404462912
5,Badr City,0.6229661659546865
6,Bulaq,0.8700100626384059
7,Central Cairo (Wasat El Qahirah),0.897450273330327
8,Dar El Salam,1.7608383767832916
9,East Nasr City,0.9369710984511366
10,El Amiriya,0.7327331240835385
11,El Azbakeya,1.0331851811399249
12,El Basatin,0.640602430252155
13,El Khalifa,0.3713780624480084
14,El Maadi,0.7453576645232781
15,El Maasara,2.820863972822125
16,El Marg,0.9277448796271962
17,El Matareya,1.0085680055297044
18,El Mokattam,1.9293986907824594
19,El Mosky,0.3346846561399545
20,El Nozha,0.7695398392336297
21,El Sahel,0.8988164892676812
22,El Salam 1,0.8026754318640795
23,El Salam 2,0.7330104477107372
24,El Sayeda Zeinab,1.0570694889545489
25,El Sharabiya,0.8879412185581347
26,El Shorouk City,0.8869905475679675
27,El Tebbin,0.9782694246168141
28,El Weili,0.8513044484631779
29,El Zawya El Hamra,2.291138365631582
30,El Zeitoun,0.4614664264357191
31,Hadayek El Qobbah,1.0026422010947165
32,Heliopolis (Masr El Gedida),0.7950595848660136
33,Helwan,0.6833290000410617
34,Manshiyat Naser,1.1013681267441182
35,New Cairo City,0.9154455140143077
36,Old Cairo (Misr El Qadima),0.6837755198496834
37,Rod El Farag,0.8271137308416626
38,Shubra,0.7379781353885662
39,Tora,1.0702984359292593
40,West Cairo (Gharb El Qahirah),0.702456348306577
41,West Nasr City,0.6710198217614668
